Date,^GSPC
2014-01-03,-0.0003330205201601
2014-01-06,-0.0025149272537596
2014-01-07,0.0060633453753915
2014-01-08,-0.0002122315034513
2014-01-09,0.0003482485435144
2014-01-10,0.0023040304904551
2014-01-13,-0.0126559664587944
2014-01-14,0.0107598761199341
2014-01-15,0.005152889134683
2014-01-16,-0.0013480284864257
2014-01-17,-0.0039027803200157
2014-01-21,0.0027699122428179
2014-01-22,0.0005747000497677
2014-01-23,-0.0089293247645709
2014-01-24,-0.0210964214273401
2014-01-27,-0.0048882218533394
2014-01-28,0.0061218756224317
2014-01-29,-0.0102617039084957
2014-01-30,0.0112040443722181
2014-01-31,-0.0064862902142497
2014-02-03,-0.0230966047044871
2014-02-04,0.0076120436830819
2014-02-05,-0.0020302824086568
2014-02-06,0.0123630544533757
2014-02-07,0.0132141935042966
2014-02-10,0.0015680048032544
2014-02-11,0.0110013759442546
2014-02-12,-0.000269298647721
2014-02-13,0.0057932119787764
2014-02-14,0.0047976893855485
2014-02-18,0.0011578033925587
2014-02-19,-0.0065458617731959
2014-02-20,0.0060133418269341
2014-02-21,-0.0019205666731814
2014-02-24,0.0061674555523314
2014-02-25,-0.0013485906767742
2014-02-26,2.169974212495873e-05
2014-02-27,0.0049358814084161
2014-02-28,0.0027788242813375
2014-03-03,-0.0074058662004548
2014-03-04,0.0151523226761423
2014-03-05,-5.335274966444814e-05
2014-03-06,0.0017169334968567
2014-03-07,0.0005379445771156
2014-03-10,-0.0004633536412192
2014-03-11,-0.0050950969752152
2014-03-12,0.0003051243232095
2014-03-13,-0.0117700916958831
2014-03-14,-0.0028257664174455
2014-03-17,0.009567717695039
2014-03-18,0.0071936822454734
2014-03-19,-0.0061505250967348
2014-03-20,0.0060223340875218
2014-03-21,-0.0029369801166092
2014-03-24,-0.0048765809593627
2014-03-25,0.004394270848822
2014-03-26,-0.0070249369548758
2014-03-27,-0.0019018913439774
2014-03-28,0.0046294892434097
2014-03-31,0.0078928713847963
2014-04-01,0.0070146880442134
2014-04-02,0.0028492638318393
2014-04-03,-0.0011270852130111
2014-04-04,-0.012616542925314
2014-04-07,-0.0108083123321494
2014-04-08,0.0037435379801769
2014-04-09,0.010859039341966
2014-04-10,-0.0211059677373874
2014-04-11,-0.0095320597398975
2014-04-14,0.0081837081507405
2014-04-15,0.0067345795177038
2014-04-16,0.0104338679487661
2014-04-17,0.0013629237070942
2014-04-21,0.0037680156555719
2014-04-22,0.0040837889961284
2014-04-23,-0.0022157668625224
2014-04-24,0.0017154882753311
2014-04-25,-0.0081293447435015
2014-04-28,0.0032308111625019
2014-04-29,0.0047494605046338
2014-04-30,0.0029875498027012
2014-05-01,-0.0001432717443323
2014-05-02,-0.0013493550298715
2014-05-05,0.00186946758234
2014-05-06,-0.0090290314619911
2014-05-07,0.0056007548710335
2014-05-08,-0.0013745692327864
2014-05-09,0.0015183231948787
2014-05-12,0.0096262561723161
2014-05-13,0.0004216687882827
2014-05-14,-0.0047120895650172
2014-05-15,-0.0094059041839349
2014-05-16,0.0037399628190009
2014-05-19,0.0038374141897037
2014-05-20,-0.0065196046085427
2014-05-21,0.0080833405477465
2014-05-22,0.0023594441947141
2014-05-23,0.0042393929178849
2014-05-27,0.0059699502115284
2014-05-28,-0.0011146927500584
2014-05-29,0.0053527586573611
2014-05-30,0.0018419804431015
2014-06-02,0.0007275613640587
2014-06-03,-0.000379288469535
2014-06-04,0.0018898766063628
2014-06-05,0.0065040821196626
2014-06-06,0.0046170835480197
2014-06-09,0.0009383308564867
2014-06-10,-0.0002460138818793
2014-06-11,-0.0035433111516667
2014-06-12,-0.0071141390889097
2014-06-13,0.0031296591990708
2014-06-16,0.0008363553307866
2014-06-17,0.0021702124448887
2014-06-18,0.0076892431607298
2014-06-19,0.0012766632951644
2014-06-20,0.0017285634956767
2014-06-23,-0.0001324728528988
2014-06-24,-0.0064561064986179
2014-06-25,0.0048855574227175
2014-06-26,-0.0011795794276396
2014-06-27,0.0019090452380838
2014-06-30,-0.0003723259970014
2014-07-01,0.0066555728968227
2014-07-02,0.000658596075123
2014-07-03,0.0054645502276722
2014-07-07,-0.0039312390543235
2014-07-08,-0.0070737621816805
2014-07-09,0.0046335165532589
2014-07-10,-0.0041396283244736
2014-07-11,0.0014698419980474
2014-07-14,0.0048318607269965
2014-07-15,-0.0019339645679457
2014-07-16,0.0041922850094486
2014-07-17,-0.0119046059274774
2014-07-18,0.0102126088996712
2014-07-21,-0.0023229464239049
2014-07-22,0.0050036111673001
2014-07-23,0.0017529007770127
2014-07-24,0.000488036812551
2014-07-25,-0.0048609460461097
2014-07-28,0.0002881133935535
2014-07-29,-0.0045380684137139
2014-07-30,6.091091940962912e-05
2014-07-31,-0.0202019321552295
2014-08-01,-0.0028632162312982
2014-08-04,0.0071633144496461
2014-08-05,-0.0097326791973362
2014-08-06,1.563842636009838e-05
2014-08-07,-0.0055721154467329
2014-08-08,0.011465422557972
2014-08-11,0.0027556250258413
2014-08-12,-0.0016379823741559
2014-08-13,0.0066847671025112
2014-08-14,0.0043363982736979
2014-08-15,-6.137480757129055e-05
2014-08-18,0.0084954832196597
2014-08-19,0.0049881901791977
2014-08-20,0.0024747482825437
2014-08-21,0.0029455472802704
2014-08-22,-0.0019945749188226
2014-08-25,0.0047763538636038
2014-08-26,0.0010505288952433
2014-08-27,4.998604328498857e-05
2014-08-28,-0.0016913305449461
2014-08-29,0.00331491432902
2014-09-02,-0.0005442142177027
2014-09-03,-0.0007794447528013
2014-09-04,-0.001535599204713
2014-09-05,0.0050232477049592
2014-09-08,-0.0030778458543165
2014-09-09,-0.0065665215326848
2014-09-10,0.0036394436003677
2014-09-11,0.0008815167647231
2014-09-12,-0.0059804054920062
2014-09-15,-0.0007104037481093
2014-09-16,0.007456507324556
2014-09-17,0.0012948050790884
2014-09-18,0.0048792571273397
2014-09-19,-0.000477383510403
2014-09-22,-0.0080456025302186
2014-09-23,-0.005793250079626
2014-09-24,0.0078019767586541
2014-09-25,-0.0163009132651703
2014-09-26,0.0085392611240013
2014-09-29,-0.0025500508569153
2014-09-30,-0.002789816544312
2014-10-01,-0.0133371061126377
2014-10-02,5.1433282504120825e-06
2014-10-03,0.0111036355239031
2014-10-06,-0.0015663860013983
2014-10-07,-0.0152416186191288
2014-10-08,0.0173109474980588
2014-10-09,-0.0208778484543143
2014-10-10,-0.0115170800262109
2014-10-13,-0.0166050332025227
2014-10-14,0.0015776196808667
2014-10-15,-0.0081333007260777
2014-10-16,0.0001449672004421
2014-10-17,0.0128018133771465
2014-10-20,0.0091011161212808
2014-10-21,0.0193853708277513
2014-10-22,-0.0073261006616123
2014-10-23,0.0122283057215994
2014-10-24,0.0070286901757166
2014-10-27,-0.0015026968788385
2014-10-28,0.0118683645669106
2014-10-29,-0.0013863159906426
2014-10-30,0.0062107972478733
2014-10-31,0.0116631142331486
2014-11-03,-0.0001189289163994
2014-11-04,-0.0028338532526657
2014-11-05,0.0056843110608051
2014-11-06,0.0037684036443277
2014-11-07,0.0003495251267811
2014-11-10,0.0031153270195591
2014-11-11,0.0006964516302874
2014-11-12,-0.0007013625789182
2014-11-13,0.0005297044284002
2014-11-14,0.0002402413485471
2014-11-17,0.0007350887776578
2014-11-18,0.0051208493536885
2014-11-19,-0.0015022868756187
2014-11-20,0.0019651640132032
2014-11-21,0.0052232126037381
2014-11-24,0.0028599298137388
2014-11-25,-0.0011506914684167
2014-11-26,0.002802052471603
2014-11-28,-0.0025456646370125
2014-12-01,-0.0068527893448342
2014-12-02,0.0063641667588481
2014-12-03,0.003757673834027
2014-12-04,-0.0011625717317853
2014-12-05,0.001663831598921
2014-12-08,-0.0072830221497151
2014-12-09,-0.0002378518258341
2014-12-10,-0.0164861211830489
2014-12-11,0.0045254339716205
2014-12-12,-0.0163464657916581
2014-12-15,-0.0063627862717217
2014-12-16,-0.0085252598653813
2014-12-17,0.0201480732432957
2014-12-18,0.0237313748857088
2014-12-19,0.0045596379674188
2014-12-22,0.0038032224799273
2014-12-23,0.0017448386297047
2014-12-24,-0.000139306241075
2014-12-26,0.0033041099821211
2014-12-29,0.0008614034280896
2014-12-30,-0.0049005930345042
2014-12-31,-0.0103643835612503
2015-01-02,-0.0003400214731357
2015-01-05,-0.0184472135325872
2015-01-06,-0.0089332546906995
2015-01-07,0.0115627358448762
2015-01-08,0.0177301681271551
2015-01-09,-0.0084393221470788
2015-01-12,-0.0081266168434703
2015-01-13,-0.0025818854358163
2015-01-14,-0.0058300289679751
2015-01-15,-0.009290903004568
2015-01-16,0.0133348931862675
2015-01-20,0.0015487524334005
2015-01-21,0.0047204650221894
2015-01-22,0.0151543130706297
2015-01-23,-0.0055066562793015
2015-01-26,0.0025651679986227
2015-01-27,-0.0134782878158574
2015-01-28,-0.0135875028110215
2015-01-29,0.0094895170582631
2015-01-30,-0.0130770990063187
2015-02-02,0.0128791700002155
2015-02-03,0.014336238577453
2015-02-04,-0.0041647065724523
2015-02-05,0.0102388107109092
2015-02-06,-0.0034240276118788
2015-02-09,-0.0042562393104814
2015-02-10,0.0106189795540618
2015-02-11,-2.903401015785789e-05
2015-02-12,0.0095982950659161
2015-02-13,0.0040664592277792
2015-02-17,0.0015962996977982
2015-02-18,-0.0003143586232292
2015-02-19,-0.0010626217157181
2015-02-20,0.0061078427210556
2015-02-23,-0.0003033852119855
2015-02-24,0.0027549724688311
2015-02-25,-0.0007660169636025
2015-02-26,-0.0014771186302544
2015-02-27,-0.0029606830486317
2015-03-02,0.0061062381811325
2015-03-03,-0.0045488726038174
2015-03-04,-0.0043981612301546
2015-03-05,0.0011953652510365
2015-03-06,-0.0142753563624671
2015-03-09,0.0039366623579759
2015-03-10,-0.0171068209371414
2015-03-11,-0.001919520676485
2015-03-12,0.012522702206037
2015-03-13,-0.0060932370901962
2015-03-16,0.0134429090238556
2015-03-17,-0.0033256977077824
2015-03-18,0.0120851015016292
2015-03-19,-0.0048844891269501
2015-03-20,0.0089723821932592
2015-03-23,-0.0017472566067135
2015-03-24,-0.006158345701591
2015-03-25,-0.0146659265272388
2015-03-26,-0.0023803307374734
2015-03-27,0.0023657607295035
2015-03-30,0.0121623826471495
2015-03-31,-0.008834686217531
2015-04-01,-0.0039732542018473
2015-04-02,0.0035234523037139
2015-04-06,0.0065870726471652
2015-04-07,-0.0020640327085867
2015-04-08,0.0026789415573471
2015-04-09,0.0044475758736259
2015-04-10,0.0051893768994561
2015-04-13,-0.0045918068209616
2015-04-14,0.0016284322585136
2015-04-15,0.005134989044996
2015-04-16,-0.0007787467579856
2015-04-17,-0.0113757041890529
2015-04-20,0.0091927485865364
2015-04-21,-0.0014817025047682
2015-04-22,0.0050745828533864
2015-04-23,0.0023549408425527
2015-04-24,0.0022502668247534
2015-04-27,-0.0041499132407345
2015-04-28,0.0027654044373459
2015-04-29,-0.0037473481275727
2015-04-30,-0.0101805530332486
2015-05-01,0.0108637765634558
2015-05-04,0.002936433147763
2015-05-05,-0.0119080033585303
2015-05-06,-0.0044656811409318
2015-05-07,0.0037667104694749
2015-05-08,0.0133681479873617
2015-05-11,-0.005102556456082
2015-05-12,-0.0029539964393672
2015-05-13,-0.000305001290652
2015-05-14,0.0107216042617599
2015-05-15,0.0007681188278665
2015-05-18,0.0030433124725703
2015-05-19,-0.000643581597842
2015-05-20,-0.0009309494507938
2015-05-21,0.002335145908745
2015-05-22,-0.0022363851494837
2015-05-26,-0.010335204907502
2015-05-27,0.0091209189291099
2015-05-28,-0.0012675639174872
2015-05-29,-0.0063385151840975
2015-06-01,0.0020573434991471
2015-06-02,-0.0010091051653473
2015-06-03,0.0021166294697554
2015-06-04,-0.008660562215101
2015-06-05,-0.0014372152327322
2015-06-08,-0.0064955603383056
2015-06-09,0.000418265519003
2015-06-10,0.011970491752514
2015-06-11,0.0017371167565283
2015-06-12,-0.0070188746531023
2015-06-15,-0.004633289621772
2015-06-16,0.0056737305157543
2015-06-17,0.0019776843950722
2015-06-18,0.009854000054009
2015-06-19,-0.0053176152379492
2015-06-22,0.0060763679815423
2015-06-23,0.0006356664251931
2015-06-24,-0.0073804657183051
2015-06-25,-0.0029780041565965
2015-06-26,-0.0003901557449221
2015-06-29,-0.0210869695086115
2015-06-30,0.0026549623524676
2015-07-01,0.0069120964346369
2015-07-02,-0.000308070189547
2015-07-06,-0.0038692326988973
2015-07-07,0.0060625605938691
2015-07-08,-0.0167929649121418
2015-07-09,0.00225964764482
2015-07-10,0.0122629863850081
2015-07-13,0.0110052685073549
2015-07-14,0.0044432732365002
2015-07-15,-0.0007352563007367
2015-07-16,0.007982733444475
2015-07-17,0.0011055716244507
2015-07-20,0.0007709366240016
2015-07-21,-0.0042707962427233
2015-07-22,-0.0023905650201898
2015-07-23,-0.0056922102113796
2015-07-24,-0.0107610206966608
2015-07-27,-0.0057917550650641
2015-07-28,0.0123100738018893
2015-07-29,0.0072921429273833
2015-07-30,2.836690402219233e-05
2015-07-31,-0.0022741038010511
2015-08-03,-0.0027606939449054
2015-08-04,-0.0022522391669328
2015-08-05,0.003109838185491
2015-08-06,-0.0077831959225616
2015-08-07,-0.0028790228563382
2015-08-10,0.0127268356320255
2015-08-11,-0.0096030646801823
2015-08-12,0.0009496036382143
2015-08-13,-0.001276025868381
2015-08-14,0.0039043322743594
2015-08-17,0.0051978917094022
2015-08-18,-0.0026289829356329
2015-08-19,-0.0082891364095969
2015-08-20,-0.0213259604541464
2015-08-21,-0.0323692425218782
2015-08-24,-0.0402114443465189
2015-08-25,-0.0136142497426563
2015-08-26,0.0382912994345323
2015-08-27,0.0240072544896898
2015-08-28,0.0006085511568763
2015-08-31,-0.0084270786639839
2015-09-01,-0.0300226498424285
2015-09-02,0.0181276714232145
2015-09-03,0.001164115699419
2015-09-04,-0.0154483087542764
2015-09-08,0.0247736371970388
2015-09-09,-0.013995035769085
2015-09-10,0.005264075444936
2015-09-11,0.0044770064449863
2015-09-14,-0.0040980412230444
2015-09-15,0.012749687631433
2015-09-16,0.0086677407153761
2015-09-17,-0.0025643444425602
2015-09-18,-0.0162962309543841
2015-09-21,0.0045553920336729
2015-09-22,-0.0123949300193784
2015-09-23,-0.0020507442295931
2015-09-24,-0.0033686518713071
2015-09-25,-0.0004659018012205
2015-09-28,-0.0260012111628089
2015-09-29,0.0012320939129821
2015-09-30,0.0188958986035645
2015-10-01,0.0019719386783378
2015-10-02,0.0142137930164052
2015-10-05,0.0181245935185021
2015-10-06,-0.0035946893441431
2015-10-07,0.0080035198575529
2015-10-08,0.0087797801445583
2015-10-09,0.0007248485605151
2015-10-12,0.0012746644773331
2015-10-13,-0.0068488236901274
2015-10-14,-0.0047274309119389
2015-10-15,0.0147435513513549
2015-10-16,0.0045600613736969
2015-10-19,0.0002705089438732
2015-10-20,-0.0014221010558941
2015-10-21,-0.0058424489111335
2015-10-22,0.0164908470125935
2015-10-23,0.0109699539690426
2015-10-26,-0.0019149330010996
2015-10-27,-0.0025573858650878
2015-10-28,0.0117704884881435
2015-10-29,-0.0004498753806609
2015-10-30,-0.0048214816884248
2015-11-02,0.0118038763388144
2015-11-03,0.0027243529250675
2015-11-04,-0.0035516669396473
2015-11-05,-0.0011327897564985
2015-11-06,-0.0003476817800232
2015-11-09,-0.0098712906565028
2015-11-10,0.0015094551534495
2015-11-11,-0.0032333073215689
2015-11-12,-0.0140891633366324
2015-11-13,-0.0112706404321549
2015-11-16,0.0147933027942341
2015-11-17,-0.0013402770182464
2015-11-18,0.0160332298771717
2015-11-19,-0.0011237403289792
2015-11-20,0.0038029552801495
2015-11-23,-0.0012356238416844
2015-11-24,0.0012212499449608
2015-11-25,-0.000129140614967
2015-11-27,0.0005934415594808
2015-11-30,-0.0046518001396185
2015-12-01,0.0106239389467397
2015-12-02,-0.0110565926394494
2015-12-03,-0.0144778264441498
2015-12-04,0.0203178563638513
2015-12-07,-0.0070140439603978
2015-12-08,-0.0065110526255942
2015-12-09,-0.0077690863656929
2015-12-10,0.0022488565785945
2015-12-11,-0.0196138677558153
2015-12-14,0.0047442880640682
2015-12-15,0.0105625801059145
2015-12-16,0.0144106356507709
2015-12-17,-0.0151547766358763
2015-12-18,-0.0179574950071064
2015-12-21,0.0077483067271559
2015-12-22,0.0087780955915688
2015-12-23,0.0123415965275537
2015-12-24,-0.0015999154038626
2015-12-28,-0.0021809364563063
2015-12-29,0.0105736641730231
2015-12-30,-0.0072433987837783
2015-12-31,-0.0094564850414684
2016-01-04,-0.0154220417978061
2016-01-05,0.0020102041393599
2016-01-06,-0.0132021630026253
2016-01-07,-0.0239858165193451
2016-01-08,-0.0108975374458477
2016-01-11,0.0008529082958226
2016-01-12,0.0077725141177742
2016-01-13,-0.0252823750779089
2016-01-14,0.0165580609343845
2016-01-15,-0.0218357726981626
2016-01-19,0.0005316801874286
2016-01-20,-0.0117627660258987
2016-01-21,0.0051819886359485
2016-01-22,0.0200807268822131
2016-01-25,-0.015761545172821
2016-01-26,0.0140452378303681
2016-01-27,-0.0109229223005282
2016-01-28,0.0055133507175906
2016-01-29,0.024458650994557
2016-02-01,-0.0004433348455421
2016-02-02,-0.0189209687182314
2016-02-03,0.0049796200215741
2016-02-04,0.0015255682925232
2016-02-05,-0.0186541582763517
2016-02-08,-0.0142550579230569
2016-02-09,-0.0006638406467605
2016-02-10,-0.0001889681307609
2016-02-11,-0.0123774473292561
2016-02-12,0.0193300152070463
2016-02-16,0.0163817377416846
2016-02-17,0.0163461106256415
2016-02-18,-0.0046766321239344
2016-02-19,-2.603328180228459e-05
2016-02-22,0.0143507310990766
2016-02-23,-0.0125325775707887
2016-02-24,0.0044299600346322
2016-02-25,0.0112843667304503
2016-02-26,-0.0018718653295648
2016-02-29,-0.0081541310915715
2016-03-01,0.0235883854016192
2016-03-02,0.0040859498611016
2016-03-03,0.0034926343203167
2016-03-04,0.0033004398659421
2016-03-07,0.0008846228008634
2016-03-08,-0.011303756056006
2016-03-09,0.0050396727828143
2016-03-10,0.0001557927971225
2016-03-11,0.0162625455888507
2016-03-14,-0.0012617686166116
2016-03-15,-0.0018386309343174
2016-03-16,0.0055847278817795
2016-03-17,0.0065735830685964
2016-03-18,0.0043959672510256
2016-03-21,0.000985091904293
2016-03-22,-0.0008777728967723
2016-03-23,-0.0064065095306675
2016-03-24,-0.0003781417793762
2016-03-28,0.0005451068880724
2016-03-29,0.0087780120542371
2016-03-30,0.004340879993566
2016-03-31,-0.0020418423596204
2016-04-01,0.0063109590665995
2016-04-04,-0.0032134800458543
2016-04-05,-0.0101962984117944
2016-04-06,0.0104527979320128
2016-04-07,-0.0120480739700052
2016-04-08,0.0027827026046169
2016-04-11,-0.0027435458896043
2016-04-12,0.0096157538813903
2016-04-13,0.0099900697685573
2016-04-14,0.0001729124301323
2016-04-15,-0.0009847695761457
2016-04-18,0.0065197256137983
2016-04-19,0.0030797379028664
2016-04-20,0.0007612550492348
2016-04-21,-0.0052075628572927
2016-04-22,4.785857954114903e-05
2016-04-25,-0.0018136896207625
2016-04-26,0.0018710001742361
2016-04-27,0.0016479941117468
2016-04-28,-0.009273636061561
2016-04-29,-0.0050759492305578
2016-05-02,0.0077796066972446
2016-05-03,-0.0087144993883958
2016-05-04,-0.0059545827054732
2016-05-05,-0.0002390366927933
2016-05-06,0.0031696105535523
2016-05-09,0.0007532133076093
2016-05-10,0.0124063652360373
2016-05-11,-0.009607522877868
2016-05-12,-0.0001694792679645
2016-05-13,-0.0085144341617526
2016-05-16,0.0097489763896128
2016-05-17,-0.0094558635521631
2016-05-18,0.0002051576864019
2016-05-19,-0.0037135945227211
2016-05-20,0.006001459222805
2016-05-23,-0.0020876365681017
2016-05-24,0.0135886375339895
2016-05-25,0.0069505296515837
2016-05-26,-0.0002104660499284
2016-05-27,0.0042776949394394
2016-05-31,-0.0010057686205895
2016-06-01,0.0011343986539262
2016-06-02,0.0028206961669861
2016-06-03,-0.0029160622366948
2016-06-06,0.0048853285193635
2016-06-07,0.0012886156291971
2016-06-08,0.0033041019719552
2016-06-09,-0.0017192355978936
2016-06-10,-0.0092175324101662
2016-06-13,-0.0081482987897096
2016-06-14,-0.001800505071972
2016-06-15,-0.0018424090638102
2016-06-16,0.0031280931110462
2016-06-17,-0.0032632841446096
2016-06-20,0.0057913827784235
2016-06-21,0.0027083906042095
2016-06-22,-0.0016529289965756
2016-06-23,0.0132755670719548
2016-06-24,-0.0365807928055827
2016-06-27,-0.0182622465117026
2016-06-28,0.0176141216040877
2016-06-29,0.0168892429712546
2016-06-30,0.0134738631494659
2016-07-01,0.0019467062930313
2016-07-05,-0.0068710289855982
2016-07-06,0.0053386870582761
2016-07-07,-0.0008719578867335
2016-07-08,0.0151381865659923
2016-07-11,0.003402819311999
2016-07-12,0.0069848423073448
2016-07-13,0.0001347586749824
2016-07-14,0.0052454228016962
2016-07-15,-0.0009293790598707
2016-07-18,0.0023794618218691
2016-07-19,-0.0014362045004157
2016-07-20,0.0042612083157642
2016-07-21,-0.0036190698565254
2016-07-22,0.00454362678951
2016-07-25,-0.0030160187399292
2016-07-26,0.0003227321607193
2016-07-27,-0.0011992609468087
2016-07-28,0.0016049204480923
2016-07-29,0.0016299801176575
2016-08-01,-0.001270594147491
2016-08-02,-0.006381940812667
2016-08-03,0.003129042716071
2016-08-04,0.0002125492994888
2016-08-05,0.00856669728938
2016-08-08,-0.0009075772915414
2016-08-09,0.0003897179865557
2016-08-10,-0.0028687970634884
2016-08-11,0.0047234151024442
2016-08-12,-0.0007963633869145
2016-08-15,0.0027890162945221
2016-08-16,-0.0054941422164782
2016-08-17,0.0018668460061554
2016-08-18,0.0021972016963829
2016-08-19,-0.0014413095687686
2016-08-22,-0.0005634818833231
2016-08-23,0.0019498671783617
2016-08-24,-0.0052540552596713
2016-08-25,-0.0013661603966461
2016-08-26,-0.0015800642387127
2016-08-29,0.0052144284286743
2016-08-30,-0.0019555914071229
2016-08-31,-0.0023786911055623
2016-09-01,-4.138538941145242e-05
2016-09-02,0.0041922415990347
2016-09-06,0.0029772423700045
2016-09-07,-0.0001463959382927
2016-09-08,-0.0022254881924705
2016-09-09,-0.024827742410836
2016-09-12,0.0145703872334346
2016-09-13,-0.0149417482782112
2016-09-14,-0.000587849399813
2016-09-15,0.0100585164494404
2016-09-16,-0.003779427795572
2016-09-19,-1.8603233825409404e-05
2016-09-20,0.0002990934842346
2016-09-21,0.010858000333636
2016-09-22,0.0064787519176414
2016-09-23,-0.0057532929597181
2016-09-26,-0.0086248501179166
2016-09-27,0.0064234951652979
2016-09-28,0.0052825766036432
2016-09-29,-0.0093651277300814
2016-09-30,0.0079363925880278
2016-10-03,-0.0032660231815277
2016-10-04,-0.0049678817863618
2016-10-05,0.0042874862311972
2016-10-06,0.0004814438526041
2016-10-07,-0.0032587874416138
2016-10-10,0.0045953303173247
2016-10-11,-0.0125245776977562
2016-10-12,0.0011459322063984
2016-10-13,-0.0031040764122334
2016-10-14,0.0002015841591207
2016-10-17,-0.0030426181118397
2016-10-18,0.0061415056056981
2016-10-19,0.0021895721553502
2016-10-20,-0.0013766711313802
2016-10-21,-8.414514015520069e-05
2016-10-24,0.0047385946474278
2016-10-25,-0.0038049574647063
2016-10-26,-0.0017419279211878
2016-10-27,-0.0029911959060084
2016-10-28,-0.0031131401396251
2016-10-31,-0.0001222838841981
2016-11-01,-0.0068100191087356
2016-11-02,-0.0065468844534537
2016-11-03,-0.004433213022609
2016-11-04,-0.0016675202716935
2016-11-07,0.021980199729465
2016-11-08,0.003764878397158
2016-11-09,0.0110161198796561
2016-11-10,0.0019488457160949
2016-11-11,-0.0013989283477977
2016-11-14,-0.0001155094571831
2016-11-15,0.0074529550220896
2016-11-16,-0.001583516522376
2016-11-17,0.004665469361198
2016-11-18,-0.002389651365549
2016-11-21,0.0074337020708741
2016-11-22,0.0021630911035934
2016-11-23,0.0008076981569082
2016-11-25,0.003906745613424
2016-11-28,-0.0052683892547351
2016-11-29,0.0013344023532617
2016-11-30,-0.0026569305551564
2016-12-01,-0.0035217229667638
2016-12-02,0.000396927720085
2016-12-05,0.0058044269267432
2016-12-06,0.0034050844688744
2016-12-07,0.0130773587447237
2016-12-08,0.0021570150168708
2016-12-09,0.0059214185329699
2016-12-12,-0.0011380822905993
2016-12-13,0.006518483201237
2016-12-14,-0.008150295461859
2016-12-15,0.0038757076875537
2016-12-16,-0.0017521567509799
2016-12-19,0.0019731727152114
2016-12-20,0.0036309124011522
2016-12-21,-0.0024603857246772
2016-12-22,-0.0018647112223968
2016-12-23,0.0012509325350791
2016-12-27,0.0022458489045487
2016-12-28,-0.008391640709771
2016-12-29,-0.0002933477318682
2016-12-30,-0.004647834696855
2017-01-03,0.0084507667531577
2017-01-04,0.0057059637705494
2017-01-05,-0.0007709676024818
2017-01-06,0.0035107891805798
2017-01-09,-0.0035549054715602
2017-01-10,0.0
2017-01-11,0.0028256423891024
2017-01-12,-0.0021471123937297
2017-01-13,0.0018481313951461
2017-01-17,-0.0029719144562179
2017-01-18,0.001762200469809
2017-01-19,-0.0036158376243191
2017-01-20,0.0033605840613004
2017-01-23,-0.0026937496460703
2017-01-24,0.0065431405289624
2017-01-25,0.0079940527959685
2017-01-26,-0.000735654935263
2017-01-27,-0.000866839489741
2017-01-30,-0.0060276734960966
2017-01-31,-0.0008903016080328
2017-02-01,0.0002983189881167
2017-02-02,0.0005701468386902
2017-02-03,0.007238496854554
2017-02-06,-0.0021175975137088
2017-02-07,0.0002268034638452
2017-02-08,0.0006930821486097
2017-02-09,0.0057360637359602
2017-02-10,0.003559706822009
2017-02-13,0.0052321335840117
2017-02-14,0.0039993271956726
2017-02-15,0.0049798886657344
2017-02-16,-0.0008644916015505
2017-02-17,0.0016771493272376
2017-02-21,0.0060298500200692
2017-02-22,-0.0010827861468039
2017-02-23,0.000418898971259
2017-02-24,0.0014922502320313
2017-02-27,0.0010174652677337
2017-02-28,-0.0025817061151949
2017-03-01,0.013581211083725
2017-03-02,-0.0058771169721048
2017-03-03,0.0005037503685345
2017-03-06,-0.0032826227635656
2017-03-07,-0.0029176259020893
2017-03-08,-0.0022868279640642
2017-03-09,0.0007995756127661
2017-03-10,0.0032633397058585
2017-03-13,0.0003665656191698
2017-03-14,-0.0033847489808911
2017-03-15,0.0083398791246862
2017-03-16,-0.0016280347991832
2017-03-17,-0.0013151792642318
2017-03-20,-0.0020119160803799
2017-03-21,-0.0124855945901023
2017-03-22,0.0018881028474631
2017-03-23,-0.0010608321448302
2017-03-24,-0.0008443522139387
2017-03-27,-0.0010201075858455
2017-03-28,0.0072253088296241
2017-03-29,0.0010847362038299
2017-03-30,0.0029308109117049
2017-03-31,-0.0022575939382667
2017-04-03,-0.001643475308013
2017-04-04,0.0005593660746612
2017-04-05,-0.0030595368115227
2017-04-06,0.0019276502937355
2017-04-07,-0.0008274724629453
2017-04-10,0.0006874501357838
2017-04-11,-0.0014349082919586
2017-04-12,-0.0037670374189868
2017-04-13,-0.0068380202898046
2017-04-17,0.0085764656911075
2017-04-18,-0.0029076028458332
2017-04-19,-0.0017178253968683
2017-04-20,0.0075288503629735
2017-04-21,-0.0030396881071155
2017-04-24,0.0107817365881119
2017-04-25,0.006072214211751
2017-04-26,-0.0004858214756868
2017-04-27,0.0005527670002987
2017-04-28,-0.0019149794714898
2017-05-01,0.001730791826894
2017-05-02,0.0011883435858113
2017-05-03,-0.0012721693958273
2017-05-04,0.0005819332878695
2017-05-05,0.004080359407478
2017-05-08,3.744527190807645e-05
2017-05-09,-0.0010257745567932
2017-05-10,0.0011299627174494
2017-05-11,-0.0021651513741067
2017-05-12,-0.0014795353407937
2017-05-15,0.0047651423030146
2017-05-16,-0.0006871330369859
2017-05-17,-0.0183454681711152
2017-05-18,0.0036800386272162
2017-05-19,0.0067447032082004
2017-05-22,0.0051468632960087
2017-05-23,0.0018361851723804
2017-05-24,0.0024860338045762
2017-05-25,0.0044321120419779
2017-05-26,0.0003105017853028
2017-05-30,-0.0012053507295339
2017-05-31,-0.0004600746199514
2017-06-01,0.0075425955848471
2017-06-02,0.0037008746180466
2017-06-05,-0.0012184071404286
2017-06-06,-0.0027829086662043
2017-06-07,0.0015670287963471
2017-06-08,0.0002671690356645
2017-06-09,-0.0008303338661868
2017-06-12,-0.0009792424797181
2017-06-13,0.0045013588432301
2017-06-14,-0.0009963269653177
2017-06-15,-0.0022421097968399
2017-06-16,0.0002835991500589
2017-06-19,0.0083125832068944
2017-06-20,-0.0067191604469316
2017-06-21,-0.0005828141932715
2017-06-22,-0.0004558859724381
2017-06-23,0.0015596985554084
2017-06-26,0.0003157519397332
2017-06-27,-0.0081055865756729
2017-06-28,0.0087695016465509
2017-06-29,-0.0086372168441419
2017-06-30,0.0015320576108743
2017-07-03,0.0023081679791472
2017-07-05,0.0014522240362886
2017-07-06,-0.0094129873068657
2017-07-07,0.0063827125696152
2017-07-10,0.0009273361035129
2017-07-11,-0.0007829870660822
2017-07-12,0.0072790509478215
2017-07-13,0.0018728294734726
2017-07-14,0.0046626161700098
2017-07-17,-5.291423670694684e-05
2017-07-18,0.000597678698111
2017-07-19,0.0053582582160531
2017-07-20,-0.0001536710886069
2017-07-21,-0.0003679393292088
2017-07-24,-0.0010643009954085
2017-07-25,0.0029189075198976
2017-07-26,0.00028262400612
2017-07-27,-0.0009731616373942
2017-07-28,-0.0013420156781158
2017-07-31,-0.0007284108345597
2017-08-01,0.0024461207749384
2017-08-02,0.0004925274073475
2017-08-03,-0.0021860418349461
2017-08-04,0.0018873214175396
2017-08-07,0.0016458446442806
2017-08-08,-0.0024173522303856
2017-08-09,-0.0003636747927124
2017-08-10,-0.0145802184007415
2017-08-11,0.0012747571279874
2017-08-14,0.0099936512460496
2017-08-15,-0.0004989323268835
2017-08-16,0.0014190955233326
2017-08-17,-0.0155573424871917
2017-08-18,-0.0018370536613518
2017-08-21,0.0011619757145657
2017-08-22,0.0098916952606256
2017-08-23,-0.0034595701326392
2017-08-24,-0.0020766167471384
2017-08-25,0.0016714716689376
2017-08-28,0.0004869534732963
2017-08-29,0.0008424667620099
2017-08-30,0.0046045317880603
2017-08-31,0.0057046735847139
2017-09-01,0.0019805780423354
2017-09-05,-0.0075794585521453
2017-09-06,0.0031238424931441
2017-09-07,-0.0001784520448531
2017-09-08,-0.0014899601434583
2017-09-11,0.0107809751971474
2017-09-12,0.0033583025948829
2017-09-13,0.000756834248083
2017-09-14,-0.0011013238508281
2017-09-15,0.0018454775461593
2017-09-18,0.0014548619291288
2017-09-19,0.0011095796167319
2017-09-20,0.0006341467023096
2017-09-21,-0.0030505659469151
2017-09-22,0.0006475839951667
2017-09-25,-0.002224522699854
2017-09-26,7.21641258953909e-05
2017-09-27,0.0040768224019878
2017-09-28,0.0012038906289379
2017-09-29,0.0036982630684985
2017-10-02,0.0038665188297128
2017-10-03,0.0021565111846602
2017-10-04,0.0012459436611136
2017-10-05,0.0056309040312934
2017-10-06,-0.0010742111652399
2017-10-09,-0.0018060638680141
2017-10-10,0.0023197196304787
2017-10-11,0.0018018829296631
2017-10-12,-0.0016881771203509
2017-10-13,0.0008777220048461
2017-10-16,0.0017492225323056
2017-10-17,0.0006723529054335
2017-10-18,0.0007420595113298
2017-10-19,0.0003279441150105
2017-10-20,0.0051037961850299
2017-10-23,-0.0039803953129968
2017-10-24,0.0016166008745583
2017-10-25,-0.0046739556872603
2017-10-26,0.001270139250602
2017-10-27,0.0080406099797274
2017-10-30,-0.0031975773767412
2017-10-31,0.0009440129366797
2017-11-01,0.0015908441079037
2017-11-02,0.0001899477696669
2017-11-03,0.0030922893263145
2017-11-06,0.0012704438847759
2017-11-07,-0.0001891208050821
2017-11-08,0.0014426139320606
2017-11-09,-0.0037689813393697
2017-11-10,-0.0008980469760535
2017-11-13,0.0009831509112929
2017-11-14,-0.0023122805602824
2017-11-15,-0.0055409987421235
2017-11-16,0.0081626527829721
2017-11-17,-0.0026294169788974
2017-11-20,0.0012748698887907
2017-11-21,0.0065198388797522
2017-11-22,-0.0007505427033294
2017-11-24,0.0020539842782323
2017-11-27,-0.0003843315868037
2017-11-28,0.0098003321967938
2017-11-29,-0.000369293882791
2017-11-30,0.0081575866628114
2017-12-01,-0.0020265829358052
2017-12-04,-0.0010527105492865
2017-12-05,-0.0037463905259551
2017-12-06,-0.0001141121705305
2017-12-07,0.0029280670101092
2017-12-08,0.0054912020355182
2017-12-11,0.0031968421216959
2017-12-12,0.0015477237220897
2017-12-13,-0.0004730689701508
2017-12-14,-0.0040791677307625
2017-12-15,0.0089343134101431
2017-12-18,0.0053484785795969
2017-12-19,-0.0032354980431179
2017-12-20,-0.0008282360735725
2017-12-21,0.0019836870126583
2017-12-22,-0.0004582716381138
2017-12-26,-0.0010589757000589
2017-12-27,0.0007906283102423
2017-12-28,0.0018323190029194
2017-12-29,-0.0051966322927476
2018-01-02,0.0082690782183973
2018-01-03,0.0063784332439364
2018-01-04,0.0040205428553266
2018-01-05,0.0070091458885856
2018-01-08,0.0016609637672972
2018-01-09,0.0013020835172978
2018-01-10,-0.0011128458115203
2018-01-11,0.0070090257688812
2018-01-12,0.0067269263990947
2018-01-16,-0.0035307132616031
2018-01-17,0.0093710062065026
2018-01-18,-0.0016176974974735
2018-01-19,0.0043756479869898
2018-01-22,0.0080343643822136
2018-01-23,0.0021720049682221
2018-01-24,-0.0005601325472319
2018-01-25,0.0006024393988326
2018-01-26,0.0117716381060839
2018-01-29,-0.0067547362848623
2018-01-30,-0.0109586428053374
2018-01-31,0.0004888658586947
2018-02-01,-0.000648298352023
2018-02-02,-0.0214366805166994
2018-02-05,-0.0418425409383811
2018-02-06,0.0172905733489372
2018-02-07,-0.0050141382237525
2018-02-08,-0.0382590522458015
2018-02-09,0.0148256451995241
2018-02-12,0.013818665678186
2018-02-13,0.0026095219802773
2018-02-14,0.0133134398088969
2018-02-15,0.011996861776776
2018-02-16,0.0003733996499208
2018-02-20,-0.0058585171068372
2018-02-21,-0.0055116644833104
2018-02-22,0.000973077485578
2018-02-23,0.0159012782451206
2018-02-26,0.0116884386206272
2018-02-27,-0.0127883114414668
2018-02-28,-0.0111578060836565
2018-03-01,-0.0134139658548759
2018-03-02,0.0050587854851986
2018-03-05,0.0109716176105258
2018-03-06,0.0026353829319969
2018-03-07,-0.0004839918257166
2018-03-08,0.0044531482088849
2018-03-09,0.0172295467412073
2018-03-12,-0.0012747973379978
2018-03-13,-0.006383910414315
2018-03-14,-0.0057409698251884
2018-03-15,-0.0007822363990968
2018-03-16,0.0017019979472321
2018-03-19,-0.0143060405413741
2018-03-20,0.0014807086617194
2018-03-21,-0.0018456921256291
2018-03-22,-0.0254848869728547
2018-03-23,-0.0211898073117504
2018-03-26,0.0267950407060348
2018-03-27,-0.0174272856453212
2018-03-28,-0.0029209188994627
2018-03-29,0.0136757774938436
2018-04-02,-0.0225906823434964
2018-04-03,0.0125359613157414
2018-04-04,0.0115001023464467
2018-04-05,0.0068394214016516
2018-04-06,-0.0221640670570657
2018-04-09,0.0033309949675937
2018-04-10,0.0165885989963134
2018-04-11,-0.0055406857724609
2018-04-12,0.0082168986976567
2018-04-13,-0.0028907998267069
2018-04-16,0.0080763368015635
2018-04-17,0.0106050716138668
2018-04-18,0.0008310204075527
2018-04-19,-0.0057425817958325
2018-04-20,-0.0085731771883521
2018-04-23,5.623011118416344e-05
2018-04-24,-0.0134708880064753
2018-04-25,0.001835374232824
2018-04-26,0.0103801441873763
2018-04-27,0.0011130052713639
2018-04-30,-0.0082211925489206
2018-05-01,0.0025458021710269
2018-05-02,-0.007231951201402
2018-05-03,-0.0022562175850637
2018-05-04,0.0127298100283343
2018-05-07,0.0034519805549901
2018-05-08,-0.0002656766117334
2018-05-09,0.0096356479348687
2018-05-10,0.0093270116038484
2018-05-11,0.0017061392709614
2018-05-14,0.0008830995101263
2018-05-15,-0.0068656550439909
2018-05-16,0.0040523398475142
2018-05-17,-0.0008562387886099
2018-05-18,-0.0026356652545507
2018-05-21,0.0073596045479336
2018-05-22,-0.0031406885928753
2018-05-23,0.0032431452068992
2018-05-24,-0.0020252629577228
2018-05-25,-0.0023600030541857
2018-05-29,-0.0116315725117921
2018-05-30,0.0126158753519236
2018-05-31,-0.006903333243434
2018-06-01,0.0107907997092393
2018-06-04,0.0044695948983521
2018-06-05,0.0007023462695761
2018-06-06,0.0085309006373117
2018-06-07,-0.0007144436219848
2018-06-08,0.0031210289077518
2018-06-11,0.00106813700694
2018-06-12,0.0017418672787039
2018-06-13,-0.0040342545414118
2018-06-14,0.0024685005225038
2018-06-15,-0.0010176203154941
2018-06-18,-0.0021283911808867
2018-06-19,-0.0040315179513914
2018-06-20,0.0017106902241126
2018-06-21,-0.0063657288432201
2018-06-22,0.0018602032551342
2018-06-25,-0.0138197229677707
2018-06-26,0.0022021505056963
2018-06-27,-0.008641586313141
2018-06-28,0.0061596800190315
2018-06-29,0.0007581158875167
2018-07-02,0.0030632608342937
2018-07-03,-0.0049596292805338
2018-07-05,0.0085838567455374
2018-07-06,0.0084455176005802
2018-07-09,0.0087842907853419
2018-07-10,0.0034672493188221
2018-07-11,-0.0071194863719163
2018-07-12,0.0087109915801715
2018-07-13,0.0010786555366086
2018-07-16,-0.0010286646208985
2018-07-17,0.0039658243434432
2018-07-18,0.0021581820767373
2018-07-19,-0.0039608268490489
2018-07-20,-0.0009488977712743
2018-07-23,0.0018363623432309
2018-07-24,0.0047695188860537
2018-07-25,0.0090604350703724
2018-07-26,-0.0030369027488674
2018-07-27,-0.0065838346448447
2018-07-30,-0.0057707893155871
2018-07-31,0.0048728372193025
2018-08-01,-0.0010408930675707
2018-08-02,0.0049143495822088
2018-08-03,0.004633432065348
2018-08-06,0.0035319826508013
2018-08-07,0.002820201746486
2018-08-08,-0.0002624143932949
2018-08-09,-0.0014427146770401
2018-08-10,-0.007139312263245
2018-08-13,-0.0040140376659802
2018-08-14,0.0063689300164178
2018-08-15,-0.0076312085813787
2018-08-16,0.0078882145526382
2018-08-17,0.0033176063752629
2018-08-20,0.0024250749021286
2018-08-21,0.0020663999546268
2018-08-22,-0.0003982310542438
2018-08-23,-0.0016926939235348
2018-08-24,0.006179705928285
2018-08-27,0.0076411414071104
2018-08-28,0.0002692420775982
2018-08-29,0.0056852424689122
2018-08-30,-0.0044401720444584
2018-08-31,0.000134468467305
2018-09-04,-0.001655692048879
2018-09-05,-0.0028070628012661
2018-09-06,-0.0036589910366187
2018-09-07,-0.0022157978950136
2018-09-10,0.0018960282146931
2018-09-11,0.0037328656897148
2018-09-12,0.000356608349894
2018-09-13,0.0052683521593914
2018-09-14,0.0002754439007661
2018-09-17,-0.005585290991549
2018-09-18,0.0053546528676253
2018-09-19,0.0012524880331721
2018-09-20,0.0078100141853285
2018-09-21,-0.0003686009370067
2018-09-24,-0.0035218823140139
2018-09-25,-0.0013059484931181
2018-09-26,-0.0032946996811595
2018-09-27,0.002759476228511
2018-09-28,-6.870144138027001e-06
2018-10-01,0.003634492342198
2018-10-02,-0.0003967689102788
2018-10-03,0.0007112667367188
2018-10-04,-0.00820303542101
2018-10-05,-0.0055433145846226
2018-10-08,-0.0003951947083491
2018-10-09,-0.0014189098341548
2018-10-10,-0.0334163890426015
2018-10-11,-0.0207875799725414
2018-10-12,0.0141062354083763
2018-10-15,-0.0059224822913002
2018-10-16,0.021267828034901
2018-10-17,-0.0002526942626648
2018-10-18,-0.0144964905753406
2018-10-19,-0.0003612351352799
2018-10-22,-0.0043087970964776
2018-10-23,-0.0055270761806944
2018-10-24,-0.0313507738611402
2018-10-25,0.0184537179787138
2018-10-26,-0.0174791380100032
2018-10-29,-0.0065812082951941
2018-10-30,0.015545322971878
2018-10-31,0.0107928787545708
2018-11-01,0.0105024988685293
2018-11-02,-0.00633672105588
2018-11-05,0.0055846936971946
2018-11-06,0.0062397877444082
2018-11-07,0.0209870785607737
2018-11-08,-0.0025120689884907
2018-11-09,-0.0092415859153724
2018-11-12,-0.0198981509854681
2018-11-13,-0.0014830188221734
2018-11-14,-0.007596188818451
2018-11-15,0.0105380327426427
2018-11-16,0.0022208375374832
2018-11-19,-0.0167831612357209
2018-11-20,-0.0183179955565861
2018-11-21,0.0030386693107669
2018-11-23,-0.0065764197118554
2018-11-26,0.0154129758453667
2018-11-27,0.0032563843646125
2018-11-28,0.0227140513031143
2018-11-29,-0.0021854945453938
2018-11-30,0.0081375477166174
2018-12-03,0.0108820017943624
2018-12-04,-0.0329002288385558
2018-12-06,-0.001523387914144
2018-12-07,-0.0235963354563226
2018-12-10,0.0017606032229169
2018-12-11,-0.0003564096753061
2018-12-12,0.0054048710103513
2018-12-13,-0.0001999503124148
2018-12-14,-0.0192712122687002
2018-12-17,-0.0209922848285764
2018-12-18,8.639685378852846e-05
2018-12-19,-0.0155154591759361
2018-12-20,-0.0158978094841044
2018-12-21,-0.0208031204985408
2018-12-24,-0.0274865728783142
2018-12-26,0.0484031776708056
2018-12-27,0.0085262289688161
2018-12-28,-0.0012423539102313
2018-12-31,0.0084566258622071
2019-01-02,0.0012676930626263
2019-01-03,-0.0250683318189155
2019-01-04,0.0337593990603473
2019-01-07,0.0069859759952297
2019-01-08,0.009648587336497
2019-01-09,0.0040896713328217
2019-01-10,0.0045082413744621
2019-01-11,-0.0001463085444823
2019-01-14,-0.0052713945872495
2019-01-15,0.010664618879761
2019-01-16,0.0022195205290884
2019-01-17,0.007562730706236
2019-01-18,0.0130969128398552
2019-01-22,-0.0142584768279716
2019-01-23,0.00220048991945
2019-01-24,0.0013747801109778
2019-01-25,0.0084528677005177
2019-01-28,-0.0078777758487085
2019-01-29,-0.001457307935115
2019-01-30,0.0154296098915596
2019-01-31,0.0085606488097687
2019-02-01,0.0008982065848064
2019-02-04,0.0067533811174795
2019-02-05,0.0046973704373503
2019-02-06,-0.0022269157175083
2019-02-07,-0.0094011932022306
2019-02-08,0.0006759725660128
2019-02-11,0.000708851803818
2019-02-12,0.0128078529028385
2019-02-13,0.003019431593711
2019-02-14,-0.0026551633836984
2019-02-15,0.010820004664958
2019-02-19,0.0014976213265915
2019-02-20,0.0017755335607407
2019-02-21,-0.0035326693258417
2019-02-22,0.006390638694711
2019-02-25,0.0012311044497517
2019-02-26,-0.0007907696728404
2019-02-27,-0.000544197436298
2019-02-28,-0.0028295075989506
2019-03-01,0.0068716565887134
2019-03-04,-0.0038881073952552
2019-03-05,-0.0011321734897071
2019-03-06,-0.0065454736041248
2019-03-07,-0.0081589111383308
2019-03-08,-0.0021339641314543
2019-03-11,0.0145595355634897
2019-03-12,0.0029489657278052
2019-03-13,0.006925546757019
2019-03-14,-0.0008683993315958
2019-03-15,0.0049725194084304
2019-03-18,0.0036990967989085
2019-03-19,-0.0001305700799267
2019-03-20,-0.0029486967407699
2019-03-21,0.0107940154946888
2019-03-22,-0.0191568271342728
2019-03-25,-0.00083937283331
2019-03-26,0.0071570529479343
2019-03-27,-0.0046551432765991
2019-03-28,0.0035830547152615
2019-03-29,0.0067117060433243
2019-04-01,0.0115021955180445
2019-04-02,1.745555485843653e-05
2019-04-03,0.0021460724200892
2019-04-04,0.002082465242994
2019-04-05,0.0046257176230994
2019-04-08,0.0010469117505236
2019-04-09,-0.0060859764356697
2019-04-10,0.0034718377544997
2019-04-11,3.812234034228368e-05
2019-04-12,0.0065875783895457
2019-04-15,-0.0006295672443563
2019-04-16,0.0005092283251393
2019-04-17,-0.0022764008207385
2019-04-18,0.0015778468242499
2019-04-22,0.0010115058169324
2019-04-23,0.008802351174995
2019-04-24,-0.0021941686030357
2019-04-25,-0.0003690417402726
2019-04-26,0.0046743503233042
2019-04-29,0.0010709485042346
2019-04-30,0.0009509646987915
2019-05-01,-0.0075304458502918
2019-05-02,-0.0021262446486822
2019-05-03,0.0095921274789168
2019-05-06,-0.0044810131890722
2019-05-07,-0.0166494880889054
2019-05-08,-0.0016067153894203
2019-05-09,-0.0030259986619283
2019-05-10,0.0037133940699192
2019-05-13,-0.0244264691384978
2019-05-14,0.0079839875232163
2019-05-15,0.0058219943277224
2019-05-16,0.0088559571164994
2019-05-17,-0.0058544371740438
2019-05-20,-0.0067722579754052
2019-05-21,0.0084599490931909
2019-05-22,-0.0028283923638996
2019-05-23,-0.0119856922412822
2019-05-24,0.0013526437720372
2019-05-28,-0.0084109500002602
2019-05-29,-0.0069359101672308
2019-05-30,0.0020962726749971
2019-05-31,-0.0132832052504534
2019-06-03,-0.0027690706543079
2019-06-04,0.0212059270810778
2019-06-05,0.0081287269788132
2019-06-06,0.0061168406760048
2019-06-07,0.0104429792472595
2019-06-10,0.004649220074766
2019-06-11,-0.0003499414579515
2019-06-12,-0.002039657827237
2019-06-13,0.0040890105028497
2019-06-14,-0.0016128117861526
2019-06-17,0.0009313154323526
2019-06-18,0.0096704895929704
2019-06-19,0.002980716793024
2019-06-20,0.0094276053358735
2019-06-21,-0.001260016279728
2019-06-24,-0.001733388460587
2019-06-25,-0.0095417756403879
2019-06-26,-0.0012346956788036
2019-06-27,0.0038158857925907
2019-06-28,0.0057409418405995
2019-07-01,0.0076430186109535
2019-07-02,0.002923847276989
2019-07-03,0.0076430956606836
2019-07-05,-0.0018075342045484
2019-07-08,-0.0048471730101233
2019-07-09,0.0012357930584538
2019-07-10,0.0045005469360823
2019-07-11,0.0022826195789491
2019-07-12,0.004609534302066
2019-07-15,0.0001758537283844
2019-07-16,-0.0034095845550101
2019-07-17,-0.0065526654660938
2019-07-18,0.0035755977088189
2019-07-19,-0.0061958894648439
2019-07-22,0.0028247016862499
2019-07-23,0.0068241451392765
2019-07-24,0.0046771928134763
2019-07-25,-0.0052762964836006
2019-07-26,0.0073605357707826
2019-07-29,-0.0016174219290565
2019-07-30,-0.0025819853720445
2019-07-31,-0.0109452069521394
2019-08-01,-0.0090395275688059
2019-08-02,-0.0073093885395651
2019-08-05,-0.0302301821696948
2019-08-06,0.0129330239111666
2019-08-07,0.0007665823338589
2019-08-08,0.018588462466865
2019-08-09,-0.0066385931336574
2019-08-12,-0.012393809115915
2019-08-13,0.0150183462673014
2019-08-14,-0.0297303524545355
2019-08-15,0.0024612366981804
2019-08-16,0.0143230581722448
2019-08-19,0.0120331755643974
2019-08-20,-0.0079462153121152
2019-08-21,0.0082129795573528
2019-08-22,-0.0005062029592783
2019-08-23,-0.0262888811228378
2019-08-26,0.010923112730798
2019-08-27,-0.0032083218005567
2019-08-28,0.0065241515305629
2019-08-29,0.0126074824410942
2019-08-30,0.0006425807598766
2019-09-03,-0.0069230093326853
2019-09-04,0.0107837252784213
2019-09-05,0.0129259129217595
2019-09-06,0.0009101908043769
2019-09-09,-9.401467889968984e-05
2019-09-10,0.0003222524259305
2019-09-11,0.007203672326387
2019-09-12,0.0028750162782333
2019-09-13,-0.000724676876965
2019-09-16,-0.0031405129163566
2019-09-17,0.0025784253724623
2019-09-18,0.0003426332842675
2019-09-19,1.9974521929810866e-05
2019-09-20,-0.0049075991048805
2019-09-23,-9.694061782816732e-05
2019-09-24,-0.0084519889635519
2019-09-25,0.0061396852419637
2019-09-26,-0.0024318710096125
2019-09-27,-0.0053305345791292
2019-09-30,0.0050349102152491
2019-10-01,-0.0123341269454133
2019-10-02,-0.0180654041876433
2019-10-03,0.0079403047738662
2019-10-04,0.0141167852392598
2019-10-07,-0.0044883522736816
2019-10-08,-0.0156831595521103
2019-10-09,0.0090632965148458
2019-10-10,0.0063952024117828
2019-10-11,0.010879579673789
2019-10-14,-0.0013880816732187
2019-10-15,0.0099064453764885
2019-10-16,-0.0020015445531935
2019-10-17,0.0027590219697746
2019-10-18,-0.0039270457097995
2019-10-21,0.0068481141053347
2019-10-22,-0.0035750492583765
2019-10-23,0.00284310334583
2019-10-24,0.0019186046591705
2019-10-25,0.0040644295106559
2019-10-28,0.0055658199161179
2019-10-29,-0.0008327519564801
2019-10-30,0.0032480894008575
2019-10-31,-0.0030274386345396
2019-11-01,0.0096159305596472
2019-11-04,0.0036972458053128
2019-11-05,-0.00118640271182
2019-11-06,0.0007022505922886
2019-11-07,0.0027263752442809
2019-11-08,0.0025574031451167
2019-11-11,-0.0019643954133385
2019-11-12,0.0015634233012633
2019-11-13,0.0007112815701173
2019-11-14,0.000836692614456
2019-11-15,0.0076660287779724
2019-11-18,0.0005030263228107
2019-11-19,-0.0005927700996934
2019-11-20,-0.0037632564209406
2019-11-21,-0.0015840060861886
2019-11-22,0.0021725739423761
2019-11-25,0.0074792518874673
2019-11-26,0.0021931636449394
2019-11-27,0.0041657356252997
2019-11-29,-0.0040192862299885
2019-12-02,-0.008668483693965
2019-12-03,-0.0066602252580434
2019-12-04,0.00630365760877
2019-12-05,0.00149912692663
2019-12-06,0.0090942460304255
2019-12-09,-0.0031678336844755
2019-12-10,-0.0010975361689826
2019-12-11,0.00290393752935
2019-12-12,0.0085386673755554
2019-12-13,7.257915021519068e-05
2019-12-16,0.0071223609425423
2019-12-17,0.0003352360284605
2019-12-18,-0.0004323936405228
2019-12-19,0.0044493788218655
2019-12-20,0.004932595804334
2019-12-23,0.0008657687142985
2019-12-24,-0.0001954673024684
2019-12-26,0.0051150624100539
2019-12-27,3.3984139657050605e-05
2019-12-30,-0.0057975960793488
2019-12-31,0.0029416906441905
2020-01-02,0.0083438953623158
2020-01-03,-0.0070849093649538
2020-01-06,0.0035271451942726
2020-01-07,-0.0028071750845946
2020-01-08,0.0048904734856414
2020-01-09,0.0066332141169063
2020-01-10,-0.0028592624875063
2020-01-13,0.0069519940459343
2020-01-14,-0.0015156808368956
2020-01-15,0.0018684502436876
2020-01-16,0.0083317474222326
2020-01-17,0.0038547232474837
2020-01-21,-0.0026555003695847
2020-01-22,0.0002890342966814
2020-01-23,0.001140326193358
2020-01-24,-0.0090832894261936
2020-01-27,-0.0158557523568436
2020-01-28,0.0100033835003525
2020-01-29,-0.0008672501435853
2020-01-30,0.0031294569302104
2020-01-31,-0.0178644435713621
2020-02-03,0.007228425761232
2020-02-04,0.0148693159175063
2020-02-05,0.0111877786589733
2020-02-06,0.0033201550570023
2020-02-07,-0.0054154910094599
2020-02-10,0.0072996901205737
2020-02-11,0.0016870486860032
2020-02-12,0.006441853105203
2020-02-13,-0.0016317763599893
2020-02-14,0.0018418360984853
2020-02-18,-0.002924213986148
2020-02-19,0.0046947482842849
2020-02-20,-0.0038228174279968
2020-02-21,-0.0105738092328202
2020-02-24,-0.0340880794204405
2020-02-25,-0.0307479043753531
2020-02-26,-0.0037856973235292
2020-02-27,-0.0451681363522622
2020-02-28,-0.0082724631096526
2020-03-02,0.0450108687694132
2020-03-03,-0.0285104849229149
2020-03-04,0.041336349360634
2020-03-05,-0.0345107824399821
2020-03-06,-0.0172009436523854
2020-03-09,-0.0790104129403719
2020-03-10,0.0482150524258591
2020-03-11,-0.0501028928086055
2020-03-12,-0.0999448524024728
2020-03-13,0.0888084069492354
2020-03-16,-0.127652197472817
2020-03-17,0.0582263126356918
2020-03-18,-0.0532222723320803
2020-03-19,0.0046967609704013
2020-03-20,-0.0443276240533672
2020-03-23,-0.0297315010095768
2020-03-24,0.089683232517963
2020-03-25,0.0114689904208225
2020-03-26,0.0605438310742467
2020-03-27,-0.0342678455416267
2020-03-30,0.0329665905699751
2020-03-31,-0.0161423107884157
2020-04-01,-0.0451463627327868
2020-04-02,0.0225726570569602
2020-04-03,-0.015252860825945
2020-04-06,0.067968244144831
2020-04-07,-0.0016043390483631
2020-04-08,0.0334893711912851
2020-04-09,0.0143834703036995
2020-04-13,-0.010156059444677
2020-04-14,0.0301145595723069
2020-04-15,-0.0222767326723687
2020-04-16,0.0057998378395414
2020-04-17,0.0264409320213205
2020-04-20,-0.0180428456153478
2020-04-21,-0.0311551152363307
2020-04-22,0.0226713005821368
2020-04-23,-0.000539567660196
2020-04-24,0.0138220905668395
2020-04-27,0.0146068681817359
2020-04-28,-0.005256170190484
2020-04-29,0.0262367040450737
2020-04-30,-0.0092551433190548
2020-05-01,-0.0284602110147762
2020-05-04,0.0042408225788497
2020-05-05,0.0089999351977798
2020-05-06,-0.0070038803990426
2020-05-07,0.0114389557548904
2020-05-08,0.016730795065226
2020-05-11,0.0001330693667913
2020-05-12,-0.0207133657720479
2020-05-13,-0.0176169966242802
2020-05-14,0.011458917804072
2020-05-15,0.0039186752037227
2020-05-18,0.0310152087700732
2020-05-19,-0.0105397477115989
2020-05-20,0.016513990613415
2020-05-21,-0.0078039683099531
2020-05-22,0.0023509456868122
2020-05-26,0.0122142850214599
2020-05-27,0.0147184474903152
2020-05-28,-0.0021101393249196
2020-05-29,0.0048007935523077
2020-06-01,0.0037442164783634
2020-06-02,0.0081773072824002
2020-06-03,0.0135566708125622
2020-06-04,-0.0033743890836088
2020-06-05,0.025874012821637
2020-06-08,0.0119696564058049
2020-06-09,-0.0078297434197214
2020-06-10,-0.0053272557351817
2020-06-11,-0.0607526929962887
2020-06-12,0.0129762866052107
2020-06-15,0.0082778608181754
2020-06-16,0.0187848528667107
2020-06-17,-0.0036067962326296
2020-06-18,0.0005940434038027
2020-06-19,-0.005665513565674
2020-06-22,0.0064740932966582
2020-06-23,0.0042981691914842
2020-06-24,-0.0261952655956623
2020-06-25,0.0108998277282168
2020-06-26,-0.0245252042748305
2020-06-29,0.0145788881135331
2020-06-30,0.0152923494357555
2020-07-01,0.0050095639758716
2020-07-02,0.0045309704768161
2020-07-06,0.015756930832163
2020-07-07,-0.0108774778696432
2020-07-08,0.0077969862634308
2020-07-09,-0.0056595914761956
2020-07-10,0.0104118097744443
2020-07-13,-0.0094066452160586
2020-07-14,0.0133173005829032
2020-07-15,0.0090410569363541
2020-07-16,-0.0034119152141141
2020-07-17,0.0028445625875832
2020-07-20,0.0083717972551404
2020-07-21,0.0016776293345603
2020-07-22,0.0057306305944724
2020-07-23,-0.0123963784122462
2020-07-24,-0.0062096400242754
2020-07-27,0.0073679288214822
2020-07-28,-0.0064944354186469
2020-07-29,0.0123517833517432
2020-07-30,-0.0037573017634553
2020-07-31,0.0076412362421756
2020-08-03,0.0071553626643598
2020-08-04,0.0036054230261335
2020-08-05,0.0064091604355169
2020-08-06,0.0064071260206652
2020-08-07,0.0006328292699571
2020-08-10,0.0027384652733921
2020-08-11,-0.0080010554013778
2020-08-12,0.0138995022936132
2020-08-13,-0.0020492726761567
2020-08-14,-0.000171897396278
2020-08-17,0.0027061775074237
2020-08-18,0.002300740419816
2020-08-19,-0.0044141233451817
2020-08-20,0.0031536547683455
2020-08-21,0.0034351999829738
2020-08-24,0.0099936153649018
2020-08-25,0.0035898997455401
2020-08-26,0.0101440013448428
2020-08-27,0.0016716460318093
2020-08-28,0.0067100028495694
2020-08-31,-0.0021973751755091
2020-09-01,0.0074968314207062
2020-09-02,0.0152490501438702
2020-09-03,-0.0357575941421863
2020-09-04,-0.0081662807542741
2020-09-08,-0.0281488290864668
2020-09-09,0.0199447606621809
2020-09-10,-0.0177412459253964
2020-09-11,0.0005329301580871
2020-09-14,0.0126613350250242
2020-09-15,0.0052057859304994
2020-09-16,-0.0046296468921518
2020-09-17,-0.0084479495285521
2020-09-18,-0.0112455769478287
2020-09-21,-0.0116385640272991
2020-09-22,0.0104630163983774
2020-09-23,-0.0240073389143749
2020-09-24,0.0029830055546291
2020-09-25,0.015850439224188
2020-09-28,0.0159821918538547
2020-09-29,-0.004824282704444
2020-09-30,0.0082198425683799
2020-10-01,0.0052789495642944
2020-10-02,-0.009623812866371
2020-10-05,0.0178131090029012
2020-10-06,-0.0140720643875233
2020-10-07,0.0172471637702411
2020-10-08,0.0079782128948693
2020-10-09,0.0087550951807529
2020-10-12,0.0162825301583247
2020-10-13,-0.006326891629163
2020-10-14,-0.0066451720840596
2020-10-15,-0.001528923514213
2020-10-16,0.0001349104566301
2020-10-19,-0.0164646635149416
2020-10-20,0.0047161953200003
2020-10-21,-0.0021981140115698
2020-10-22,0.0052053540034915
2020-10-23,0.0034398383203892
2020-10-26,-0.0187644729853211
2020-10-27,-0.0030302053504467
2020-10-28,-0.0359255421085773
2020-10-29,0.0118765249399981
2020-10-30,-0.0122037134452615
2020-11-02,0.0122429508905916
2020-11-03,0.0176427376840777
2020-11-04,0.0218075256550918
2020-11-05,0.019273265776702
2020-11-06,-0.000287756585374
2020-11-09,0.0116319747463435
2020-11-10,-0.0014007752208673
2020-11-11,0.0076227283629926
2020-11-12,-0.0100286515470706
2020-11-13,0.0135185467062939
2020-11-16,0.0115807349228322
2020-11-17,-0.0048034437846471
2020-11-18,-0.0116312106474811
2020-11-19,0.0039386756907333
2020-11-20,-0.0068157373729196
2020-11-23,0.0056201081818496
2020-11-24,0.016032458814033
2020-11-25,-0.0015856747555105
2020-11-27,0.002394111025902
2020-11-30,-0.004606140636973
2020-12-01,0.0112081406615942
2020-12-02,0.0017895645286039
2020-12-03,-0.0006243520802939
2020-12-04,0.0087974637151866
2020-12-07,-0.001937513438964
2020-12-08,0.0027832711701716
2020-12-09,-0.007980964948473
2020-12-10,-0.0012859345277718
2020-12-11,-0.0012657980842316
2020-12-14,-0.0043687882451468
2020-12-15,0.012838482022218
2020-12-16,0.0017712256203239
2020-12-17,0.0057411428089828
2020-12-18,-0.0035172969521486
2020-12-21,-0.0039139284869094
2020-12-22,-0.0020752446917704
2020-12-23,0.000745533271818
2020-12-24,0.0035303499794867
2020-12-28,0.0086847075384124
2020-12-29,-0.0022298648272798
2020-12-30,0.0013406480950806
2020-12-31,0.0064182047117036
2021-01-04,-0.0148647627120261
2021-01-05,0.0070576313833612
2021-01-06,0.0056936033824754
2021-01-07,0.0147382601077517
2021-01-08,0.0054768373935161
2021-01-11,-0.0065763276166208
2021-01-12,0.000415702030569
2021-01-13,0.0022730563867252
2021-01-14,-0.0037605130687428
2021-01-15,-0.0072160007982784
2021-01-19,0.0081034576357623
2021-01-20,0.013839417376511
2021-01-21,0.0003166731613131
2021-01-22,-0.0030151526629378
2021-01-25,0.0036093175130176
2021-01-26,-0.0014899431611539
2021-01-27,-0.0260133151261001
2021-01-28,0.0097132987787595
2021-01-29,-0.0195003776547917
2021-02-01,0.015924300234678
2021-02-02,0.0138025288143115
2021-02-03,0.0010082606153449
2021-02-04,0.0107948476439219
2021-02-05,0.0038899196077633
2021-02-08,0.0073721074762893
2021-02-09,-0.001114145421722
2021-02-10,-0.000345244522391
2021-02-11,0.0016610748145886
2021-02-12,0.0046999709261612
2021-02-16,-0.0005694345154143
2021-02-17,-0.0003204533489178
2021-02-18,-0.0044256142272427
2021-02-19,-0.0018566190956654
2021-02-22,-0.0077628928937105
2021-02-23,0.0012555296115266
2021-02-24,0.0112876676709863
2021-02-25,-0.0247833944241726
2021-02-26,-0.0047615322937986
2021-03-01,0.0235121732256935
2021-03-02,-0.0081136787395088
2021-03-03,-0.0131523358948015
2021-03-04,-0.0135080380643906
2021-03-05,0.0193083563387101
2021-03-08,-0.0053736432240256
2021-03-09,0.0140554007439313
2021-03-10,0.0060122037709877
2021-03-11,0.0103418255006566
2021-03-12,0.0010148833275316
2021-03-15,0.0064709395394135
2021-03-16,-0.0015709169785971
2021-03-17,0.0028752446501592
2021-03-18,-0.0148705600659475
2021-03-19,-0.0006028856737536
2021-03-22,0.0070005568983422
2021-03-23,-0.0076601181193343
2021-03-24,-0.0054823366003482
2021-03-25,0.0052265834327283
2021-03-26,0.0164944186587163
2021-03-29,-0.0008683896263868
2021-03-30,-0.0031628294096499
2021-03-31,0.0036159535924209
2021-04-01,0.0117558304276741
2021-04-05,0.0143349877622434
2021-04-06,-0.0009740049407973
2021-04-07,0.0014741456981077
2021-04-08,0.0042117509405912
2021-04-09,0.0076902881356879
2021-04-12,-0.0001960980747401
2021-04-13,0.003289071877063
2021-04-14,-0.0040961043207303
2021-04-15,0.0110331014011197
2021-04-16,0.0036023233905169
2021-04-19,-0.0053206898937574
2021-04-20,-0.006825561005078
2021-04-21,0.0092630209198532
2021-04-22,-0.0092533378605548
2021-04-23,0.0108694098955322
2021-04-26,0.0017806845645829
2021-04-27,-0.0002149189814453
2021-04-28,-0.0008458975873963
2021-04-29,0.0067400415367036
2021-04-30,-0.0072207134171211
2021-05-03,0.0027443216495122
2021-05-04,-0.0067007374898473
2021-05-05,0.0007032164471141
2021-05-06,0.0081322994986319
2021-05-07,0.0073462914191875
2021-05-10,-0.0104904805031385
2021-05-11,-0.0087117501417814
2021-05-12,-0.0216827823583027
2021-05-13,0.0120996445780932
2021-05-14,0.0148077785636235
2021-05-17,-0.0025332581839609
2021-05-18,-0.0085537723840332
2021-05-19,-0.0029477518113782
2021-05-20,0.0104994293345086
2021-05-21,-0.0007841880752526
2021-05-24,0.0098624974812153
2021-05-25,-0.0021275454008282
2021-05-26,0.0018750575506114
2021-05-27,0.0011646360898627
2021-05-28,0.000768586452887
2021-06-01,-0.0004924547586302
2021-06-02,0.0014458890369013
2021-06-03,-0.0036353030560487
2021-06-04,0.0087953033830157
2021-06-07,-0.0007970562694215
2021-06-08,0.0001750095494408
2021-06-09,-0.0018255325906153
2021-06-10,0.004641454776463
2021-06-11,0.0019465389328079
2021-06-14,0.0018135563851373
2021-06-15,-0.0020137199542773
2021-06-16,-0.0054047037470255
2021-06-17,-0.0004358105436725
2021-06-18,-0.0132113556872841
2021-06-21,0.0139051635123195
2021-06-22,0.0051114063789903
2021-06-23,-0.0010838705186486
2021-06-24,0.0057944295459169
2021-06-25,0.0033250631646861
2021-06-28,0.0023122888604731
2021-06-29,0.0002772977426861
2021-06-30,0.0013272784229076
2021-07-01,0.0052080414322546
2021-07-02,0.0074720958946912
2021-07-06,-0.0020239027700217
2021-07-07,0.0033533465536628
2021-07-08,-0.008597881009555
2021-07-09,0.0112148259024138
2021-07-12,0.0034452326955936
2021-07-13,-0.0035230111811657
2021-07-14,0.0011642565654685
2021-07-15,-0.0032675735627449
2021-07-16,-0.0075674150068127
2021-07-19,-0.0159967813999841
2021-07-20,0.015048806004799
2021-07-21,0.0082080416621437
2021-07-22,0.0020146392092428
2021-07-23,0.0100943323862559
2021-07-26,0.0023793669227281
2021-07-27,-0.0047235833821765
2021-07-28,-0.0001862792315527
2021-07-29,0.0041973318452726
2021-07-30,-0.0054207136082613
2021-08-02,-0.0018445056700606
2021-08-03,0.0081699613389183
2021-08-04,-0.0046431506612965
2021-08-05,0.0059874859904205
2021-08-06,0.001673864548529
2021-08-09,-0.0009403502649565
2021-08-10,0.000992186953864
2021-08-11,0.001274930718015
2021-08-12,0.0041378077354785
2021-08-13,0.0016060163209239
2021-08-16,0.0026174222619932
2021-08-17,-0.0070857435071367
2021-08-18,-0.0108066528452557
2021-08-19,0.0012559032561583
2021-08-20,0.0081086038907418
2021-08-23,0.0084876679844114
2021-08-24,0.0014946188019617
2021-08-25,0.0022176574032517
2021-08-26,-0.0058419498276034
2021-08-27,0.0087690715404527
2021-08-30,0.004297324106874
2021-08-31,-0.0013500269158921
2021-09-01,0.0003116400609517
2021-09-02,0.0028386057544054
2021-09-03,-0.0003350872611811
2021-09-07,-0.0034013524523217
2021-09-08,-0.0013194368138158
2021-09-09,-0.0046162471500021
2021-09-10,-0.0077525522862771
2021-09-13,0.0022739003463705
2021-09-14,-0.005763213966258
2021-09-15,0.0084382942220795
2021-09-16,-0.0015523447127652
2021-09-17,-0.009152630275798
2021-09-20,-0.0171230777263815
2021-09-21,-0.0008126886585468
2021-09-22,0.0094745852242184
2021-09-23,0.0120616803699373
2021-09-24,0.0014599428113637
2021-09-27,-0.0027802439201884
2021-09-28,-0.0205743177398929
2021-09-29,0.0015679543362843
2021-09-30,-0.0119812029450159
2021-10-01,0.0114259521133348
2021-10-04,-0.0130709520486433
2021-10-05,0.0104695174986009
2021-10-06,0.0040943993496238
2021-10-07,0.0082640392250663
2021-10-08,-0.0019155566024213
2021-10-11,-0.0068894416443399
2021-10-12,-0.0024197056865542
2021-10-13,0.0030179558702307
2021-10-14,0.0169191622857116
2021-10-15,0.0074325206371899
2021-10-18,0.0033690878018042
2021-10-19,0.0073661427842353
2021-10-20,0.0036573335985607
2021-10-21,0.0029913931683598
2021-10-22,-0.0010731292246628
2021-10-25,0.0047369594408532
2021-10-26,0.0018181414322437
2021-10-27,-0.0050643703711052
2021-10-28,0.0097812884241843
2021-10-29,0.0019474372317169
2021-11-01,0.0017984589459025
2021-11-02,0.0036736071203886
2021-11-03,0.0064404946128888
2021-11-04,0.0041732223428176
2021-11-05,0.003725850045285
2021-11-08,0.000887394060701
2021-11-09,-0.0035049109263987
2021-11-10,-0.0082598421638611
2021-11-11,0.0005507883329887
2021-11-12,0.0071966975641295
2021-11-15,-1.0739878016252646e-05
2021-11-16,0.0038577790571263
2021-11-17,-0.0026050154828958
2021-11-18,0.0033790647401712
2021-11-19,-0.0013996446049873
2021-11-22,-0.0032022583169606
2021-11-23,0.0016557613831942
2021-11-24,0.0022912237766679
2021-11-26,-0.0229870111593211
2021-11-29,0.0131138360828231
2021-11-30,-0.0191433811878489
2021-12-01,-0.011885541457957
2021-12-02,0.0140946383960578
2021-12-03,-0.0084844551417386
2021-12-06,0.0116625993096857
2021-12-07,0.0204956031862533
2021-12-08,0.0030805355865854
2021-12-09,-0.0072069882325234
2021-12-10,0.0095037691182096
2021-12-13,-0.0091781583427934
2021-12-14,-0.0074987228546241
2021-12-15,0.0162162673518917
2021-12-16,-0.0087818633111123
2021-12-17,-0.0103409645840546
2021-12-20,-0.0114533983232565
2021-12-21,0.0176217553851962
2021-12-22,0.0101287280291266
2021-12-23,0.0062044126852516
2021-12-27,0.0137440515736066
2021-12-28,-0.001010665398887
2021-12-29,0.0014009134018575
2021-12-30,-0.0029942338419051
2021-12-31,-0.0026296343734735
